experiment,sample_size,method,variant,epsilon,gamma,sinkhorn_iters,embedding_seconds,train_seconds,clock_time_seconds,epochs_completed,iterations_completed,termination_reason,mean_w2_squared,embedded_recon_loss,eval_status,eval_warning,numerical_error,segment_forward_seconds,segment_dictionary_grad_seconds,segment_weights_grad_seconds,segment_total_seconds,segment_other_seconds,segment_calls,model_state_path,history_path,artifact
pavia1d,1000,transport_map,JumpReLU_monotone,,,,0.5489343740046024,1001.2585277408361,1001.8074621148407,163083.0,163083,max_elapsed_seconds,8.588092803980646e-05,6.482775509357452e-05,ok,,False,,,,,,,,experiments/results/timing_experiment_20260811_223636/pavia1d/n1000/transport_map_history.jsonl,experiments/results/timing_experiment_20260811_223636/_cache/pavia1d/embeddings/hsi_1d_dataa478eb738ecf_epsexact/maps.pt
pavia1d,1000,heitz,wasserstein_dictionary_learning,,0.5,5.0,0.0,88.088893,88.088893,,7,nonfinite_loss,0.005688492003113742,,ok,,True,23.428220087,33.408132754,31.064296239,87.90064908,0.188243920000005,10000.0,,experiments/results/timing_experiment_20260811_223636/pavia1d/n1000/heitz_gamma0p5_sink5/history.jsonl,experiments/results/timing_experiment_20260811_223636/pavia1d/n1000/heitz_gamma0p5_sink5
pavia1d,1000,heitz,wasserstein_dictionary_learning,,2.0,5.0,0.0,79.346325,79.346325,,7,nonfinite_loss,0.006027711781820962,,ok,,True,23.412755145,28.775032313,26.973674077,79.161461535,0.1848634649999923,10000.0,,experiments/results/timing_experiment_20260811_223636/pavia1d/n1000/heitz_gamma2_sink5/history.jsonl,experiments/results/timing_experiment_20260811_223636/pavia1d/n1000/heitz_gamma2_sink5
pavia1d,100,transport_map,JumpReLU_monotone,,,,0.06471937149763107,1000.0215731523931,1000.0862925238907,253886.0,253886,max_elapsed_seconds,7.475582422507147e-05,5.477471277117729e-05,ok,,False,,,,,,,,experiments/results/timing_experiment_20260811_223636/pavia1d/n100/transport_map_history.jsonl,experiments/results/timing_experiment_20260811_223636/_cache/pavia1d/embeddings/hsi_1d_data5c6f5fe492d0_epsexact/maps.pt
pavia1d,100,heitz,wasserstein_dictionary_learning,,0.5,5.0,0.0,1000.163995,1000.163995,,341,max_elapsed_seconds,0.004530657160301928,,ok,,False,277.995820353,374.779040554,345.896237755,998.671098662,1.4928963380000368,88100.0,,experiments/results/timing_experiment_20260811_223636/pavia1d/n100/heitz_gamma0p5_sink5/history.jsonl,experiments/results/timing_experiment_20260811_223636/pavia1d/n100/heitz_gamma0p5_sink5
pavia1d,100,heitz,wasserstein_dictionary_learning,,2.0,5.0,0.0,1011.83091,1011.83091,,330,max_elapsed_seconds,0.004490467754636787,,ok,,False,303.437775644,365.719860081,340.891647738,1010.0492834629999,1.7816265370000792,106100.0,,experiments/results/timing_experiment_20260811_223636/pavia1d/n100/heitz_gamma2_sink5/history.jsonl,experiments/results/timing_experiment_20260811_223636/pavia1d/n100/heitz_gamma2_sink5
pavia1d,100,heitz,wasserstein_dictionary_learning,,10.0,5.0,0.0,1006.840083,1006.840083,,543,max_elapsed_seconds,0.004555147105973726,,ok,,False,359.92687048,329.026739776,315.435917456,1004.389527712,2.4505552880000323,144500.0,,experiments/results/timing_experiment_20260811_223636/pavia1d/n100/heitz_gamma10_sink5/history.jsonl,experiments/results/timing_experiment_20260811_223636/pavia1d/n100/heitz_gamma10_sink5
mnist,1000,ebcm,entropic_displacement,0.025,,,31.860632985830307,1000.1316416934133,1031.9922746792436,43108.0,43108,max_elapsed_seconds,0.0026880277835245802,0.00031883047686682807,ok,,False,,,,,,,,experiments/results/timing_experiment_20260811_223636/mnist/n1000/ebcm_eps0p025_history.jsonl,experiments/results/timing_experiment_20260811_223636/_cache/mnist/embeddings/digits0-1-2-3-4-5-6-7-8-9_n1000_support400_data0e21457d8e34_eps0p025/maps.pt
mnist,1000,heitz,wasserstein_dictionary_learning,,0.5,5.0,0.0,1108.551411,1108.551411,,42,max_elapsed_seconds,0.011567473838700056,,ok,,False,329.297982899,397.121369053,377.419725034,1103.839076986,4.712334013999907,66000.0,,experiments/results/timing_experiment_20260811_223636/mnist/n1000/heitz_gamma0p5_sink5/history.jsonl,experiments/results/timing_experiment_20260811_223636/mnist/n1000/heitz_gamma0p5_sink5
mnist,1000,heitz,wasserstein_dictionary_learning,,2.0,5.0,0.0,1010.206098,1010.206098,,56,max_elapsed_seconds,0.011188680496447572,,ok,,False,391.911334334,309.338045234,303.412938684,1004.662318252,5.54377974800002,78000.0,,experiments/results/timing_experiment_20260811_223636/mnist/n1000/heitz_gamma2_sink5/history.jsonl,experiments/results/timing_experiment_20260811_223636/mnist/n1000/heitz_gamma2_sink5
mnist,100,ebcm,entropic_displacement,0.025,,,3.024001955986023,1000.1619119755924,1003.1859139315784,52733.0,52733,max_elapsed_seconds,0.002561620945915104,0.00025234334170818327,ok,,False,,,,,,,,experiments/results/timing_experiment_20260811_223636/mnist/n100/ebcm_eps0p025_history.jsonl,experiments/results/timing_experiment_20260811_223636/_cache/mnist/embeddings/digits0-1-2-3-4-5-6-7-8-9_n100_support400_data6e407887ed28_eps0p025/maps.pt
mnist,100,heitz,wasserstein_dictionary_learning,,0.5,5.0,0.0,1001.03475,1001.03475,,412,max_elapsed_seconds,0.009985817324531037,,ok,,False,389.060683544,306.043300611,301.10303983,996.207023985,4.827726015000053,77400.0,,experiments/results/timing_experiment_20260811_223636/mnist/n100/heitz_gamma0p5_sink5/history.jsonl,experiments/results/timing_experiment_20260811_223636/mnist/n100/heitz_gamma0p5_sink5
mnist,100,heitz,wasserstein_dictionary_learning,,2.0,5.0,0.0,1000.209108,1000.209108,,400,max_elapsed_seconds,0.008870221524008686,,ok,,False,390.310488777,304.434926875,300.56985642,995.315272072,4.893835928000044,77100.0,,experiments/results/timing_experiment_20260811_223636/mnist/n100/heitz_gamma2_sink5/history.jsonl,experiments/results/timing_experiment_20260811_223636/mnist/n100/heitz_gamma2_sink5
